Title	mainLabel	metascore
Best Kept Secret	DRAMA	100
Boyhood	DRAMA	100
Moonlight	DRAMA	99
4 Months 3 Weeks and 2 Days	DRAMA	97
Ratatouille	COMEDY	96
Gravity	DRAMA	96
12 Years a Slave	DRAMA	96
Manchester by the Sea	DRAMA	96
Roma	DRAMA	96
Parasite	COMEDY	96
The Hurt Locker	DRAMA	95
WALL·E	ANIMATION	95
The Social Network	DRAMA	95
A Separation	DRAMA	95
Zero Dark Thirty	DRAMA	95
Virunga	WAR	95
I Am Not Your Negro	DOCUMENTARY	95
Portrait of a Lady on Fire	DRAMA	95
The Lord of the Rings: The Return of the King	DRAMA	94
Carlos	DRAMA	94
We Were Here	BIOGRAPHY	94
Amour	DRAMA	94
First Cousin Once Removed	DOCUMENTARY	94
Before Midnight	DRAMA	94
Mr. Turner	DRAMA	94
Inside Out	COMEDY	94
Carol	DRAMA	94
45 Years	DRAMA	94
La La Land	COMEDY	94
Lady Bird	COMEDY	94
Dunkirk	DRAMA	94
Faces Places	DOCUMENTARY	94
Amazing Grace	MUSIC	94
The Irishman	DRAMA	94
Marriage Story	COMEDY	94
There Will Be Blood	DRAMA	93
Sita Sings the Blues	COMEDY	93
Inside Llewyn Davis	COMEDY	93
Spotlight	DRAMA	93
Sherpa	DOCUMENTARY	93
Toni Erdmann	COMEDY	93
Call Me by Your Name	DRAMA	93
The Burial of Kojo	DRAMA	93
Shoplifters	DRAMA	93
The Lord of the Rings: The Fellowship of the Ring	DRAMA	92
The Diving Bell and the Butterfly	DRAMA	92
The Class	DRAMA	92
35 Shots of Rum	DRAMA	92
Toy Story 3	COMEDY	92
Out of the Clear Blue Sky	DOCUMENTARY	92
Leviathan	DRAMA	92
Timbuktu	DRAMA	92
The Look of Silence	BIOGRAPHY	92
Tower	ANIMATION	92
One More Time with Feeling	MUSIC	92
The Florida Project	DRAMA	92
The Rider	DRAMA	92
Let It Fall: Los Angeles 1982-1992	HISTORY	92
Sunday's Illness	DRAMA	92
No Country for Old Men	DRAMA	91
Waltz with Bashir	ANIMATION	91
Nostalgia for the Light	DOCUMENTARY	91
The Gatekeepers	WAR	91
Stories We Tell	DOCUMENTARY	91
The Act of Killing	CRIME	91
Ida	DRAMA	91
Son of Saul	DRAMA	91
Taxi	COMEDY	91
Ex Libris: New York Public Library	DOCUMENTARY	91
Over the Limit	SPORT	91
The Favourite	COMEDY	91
A Bread Factory Part One	COMEDY	91
A Bread Factory Part Two	COMEDY	91
They Shall Not Grow Old	WAR	91
The Souvenir	DRAMA	91
Persepolis	DRAMA	90
A Prophet	DRAMA	90
Winter's Bone	DRAMA	90
My Perestroika	FAMILY	90
This Is Not a Film	DOCUMENTARY	90
The Girls in the Band	BIOGRAPHY	90
It's Such a Beautiful Day	COMEDY	90
Her	DRAMA	90
American Hustle	DRAMA	90
Hard to Be a God	DRAMA	90
Big Men	DOCUMENTARY	90
Gett	DRAMA	90
Mad Max: Fury Road	ADVENTURE	90
The Fits	DRAMA	90
Paths of the Soul	DRAMA	90
I Called Him Morgan	DRAMA	90
Paterson	COMEDY	90
Phantom Thread	DRAMA	90
The Tale	DRAMA	90
Cold War	DRAMA	90
Burning	DRAMA	90
Minding the Gap	DOCUMENTARY	90
System Crasher	DRAMA	90
No End in Sight	WAR	89
Still Walking	DRAMA	89
Goodbye Solo	DRAMA	89
Man on Wire	BIOGRAPHY	89
The Artist	COMEDY	89
The Tale of The Princess Kaguya	DRAMA	89
The Winding Stream	FAMILY	89
Two Days One Night	DRAMA	89
Phoenix	DRAMA	89
The Overnighters	DRAMA	89
National Gallery	DOCUMENTARY	89
Uncertain	COMEDY	89
Western	WESTERN	89
Elle	DRAMA	89
Zama	DRAMA	89
Columbus	DRAMA	89
Eighth Grade	COMEDY	89
Dead Souls	HISTORY	89
The Farewell	COMEDY	89
63 Up	DOCUMENTARY	89
The River and the Wall	ADVENTURE	89
For Sama	WAR	89
Ghost World	COMEDY	88
Once	DRAMA	88
Tulpan	COMEDY	88
Up	COMEDY	88
45365	DOCUMENTARY	88
The King's Speech	DRAMA	88
A Film Unfinished	DRAMA	88
The Arbor	DRAMA	88
Inside Job	CRIME	88
Blue Is the Warmest Colour	DRAMA	88
Dast-neveshtehaa nemisoosand	DRAMA	88
The Grand Budapest Hotel	COMEDY	88
Whiplash	DRAMA	88
Winter Sleep	DRAMA	88
From What Is Before	DRAMA	88
Citizenfour	BIOGRAPHY	88
Democrats	DOCUMENTARY	88
Brooklyn	DRAMA	88
Anomalisa	COMEDY	88
Everything Is Copy	BIOGRAPHY	88
In Transit	NEWS	88
Hell or High Water	DRAMA	88
Things to Come	DRAMA	88
Aquarius	DRAMA	88
Paddington 2	COMEDY	88
The Death of Stalin	COMEDY	88
Three Billboards Outside Ebbing Missouri	COMEDY	88
Quest	MUSIC	88
Foxtrot	DRAMA	88
A Star Is Born	DRAMA	88
Black Panther	ADVENTURE	88
Leave No Trace	DRAMA	88
Shirkers	DOCUMENTARY	88
Long Day's Journey Into Night	DRAMA	88
Apollo 11	HISTORY	88
So Long My Son	DRAMA	88
The Lord of the Rings: The Two Towers	DRAMA	87
Gomorrah	DRAMA	87
About Elly	DRAMA	87
I Travel Because I Have to I Come Back Because I Love You	DRAMA	87
Poetry	DRAMA	87
Uncle Boonmee Who Can Recall His Past Lives	DRAMA	87
The Autobiography of Nicolae Ceausescu	BIOGRAPHY	87
Moneyball	DRAMA	87
The Kid with a Bike	DRAMA	87
Elena	DRAMA	87
Gregory Crewdson: Brief Encounters	DRAMA	87
Particle Fever	DOCUMENTARY	87
Nebraska	COMEDY	87
All Is Lost	DRAMA	87
We Are the Best!	DRAMA	87
The Missing Picture	DOCUMENTARY	87
Force Majeure	COMEDY	87
Life Itself	BIOGRAPHY	87
Birdman or (The Unexpected Virtue of Ignorance)	COMEDY	87
The Duke of Burgundy	DRAMA	87
Of Men and War	WAR	87
The Diary of a Teenage Girl	COMEDY	87
My Golden Days	DRAMA	87
Listen to Me Marlon	BIOGRAPHY	87
Happy Hour	DRAMA	87
Love & Friendship	COMEDY	87
Fire at Sea	DOCUMENTARY	87
Restless Creature: Wendy Whelan	DOCUMENTARY	87
Newtown	HISTORY	87
My Journey Through French Cinema	DOCUMENTARY	87
The Shape of Water	DRAMA	87
En el séptimo día	DRAMA	87
The Farthest	HISTORY	87
Sweet Country	DRAMA	87
Jane	BIOGRAPHY	87
Can You Ever Forgive Me?	COMEDY	87
Spider-Man: Into the Spider-Verse	ANIMATION	87
Happy as Lazzaro	DRAMA	87
If Beale Street Could Talk	DRAMA	87
Bisbee '17	WESTERN	87
Hereditary	DRAMA	87
Genesis	DRAMA	87
Pain and Glory	DRAMA	87
Flight of the Red Balloon	DRAMA	86
Ponyo	COMEDY	86
The Beaches of Agnès	BIOGRAPHY	86
Last Train Home	DRAMA	86
The Kids Are All Right	COMEDY	86
The Tillman Story	MYSTERY	86
Of Gods and Men	DRAMA	86
Cave of Forgotten Dreams	HISTORY	86
The Interrupters	CRIME	86
Lincoln	DRAMA	86
Argo	DRAMA	86
The Master	DRAMA	86
How to Survive a Plague	HISTORY	86
Beasts of the Southern Wild	DRAMA	86
Drug War	DRAMA	86
Barbara	DRAMA	86
Let the Fire Burn	DOCUMENTARY	86
The Great Beauty	DRAMA	86
Stand Clear of the Closing Doors	DRAMA	86
What Now? Remind Me	BIOGRAPHY	86
Manakamana	DOCUMENTARY	86
Last Days in Vietnam	WAR	86
Maidan	DOCUMENTARY	86
Room	DRAMA	86
Dreamcatcher	DRAMA	86
Tangerine	COMEDY	86
Krisha	DRAMA	86
The Red Turtle	ANIMATION	86
Little Men	DRAMA	86
Dawson City: Frozen Time	HISTORY	86
Cameraperson	DOCUMENTARY	86
Baby Driver	DRAMA	86
The Big Sick	COMEDY	86
A Fantastic Woman	DRAMA	86
My Happy Family	DRAMA	86
Strong Island	DOCUMENTARY	86
Loveless	DRAMA	86
Chasing Coral	DOCUMENTARY	86
City of Ghosts	WAR	86
Milla	DRAMA	86
One Cut of the Dead	COMEDY	86
Mission: Impossible - Fallout	ADVENTURE	86
Museo	DRAMA	86
The Wild Pear Tree	DRAMA	86
Diane	DRAMA	86
An Elephant Sitting Still	DRAMA	86
Black Mother	DOCUMENTARY	86
The Wolf House	DRAMA	86
Divine Love	DRAMA	86
Honeyland	DRAMA	86
American Factory	DOCUMENTARY	86
Rolling Thunder Revue: A Bob Dylan Story by Martin Scorsese	BIOGRAPHY	86
Mulholland Dr.	DRAMA	85
The Bourne Ultimatum	ACTION	85
Knocked Up	COMEDY	85
The Savages	COMEDY	85
Atonement	DRAMA	85
The Edge of Heaven	DRAMA	85
Alexandra	DRAMA	85
Summer Hours	DRAMA	85
City of Life and Death	DRAMA	85
Vincere	DRAMA	85
An Education	DRAMA	85
Lebanon	DRAMA	85
Meek's Cutoff	DRAMA	85
Restrepo	BIOGRAPHY	85
Exit Through the Gift Shop	COMEDY	85
The Tree of Life	DRAMA	85
Harry Potter and the Deathly Hallows: Part 2	DRAMA	85
Tinker Tailor Soldier Spy	DRAMA	85
Take Shelter	DRAMA	85
Paradise Lost 3: Purgatory	CRIME	85
Fruitvale Station	DRAMA	85
Bridegroom	DOCUMENTARY	85
The Past	DRAMA	85
Ilo Ilo	DRAMA	85
The Return to Homs	BIOGRAPHY	85
Princess	DRAMA	85
Song of the Sea	DRAMA	85
Watchers of the Sky	BIOGRAPHY	85
Butterfly Girl	DOCUMENTARY	85
Night Will Fall	WAR	85
Girlhood	DRAMA	85
Tales of the Grim Sleeper	CRIME	85
Amy	MUSIC	85
April and the Extraordinary World	COMEDY	85
The Treasure	COMEDY	85
Kaili Blues	DRAMA	85
Behemoth	DOCUMENTARY	85
My Life as a Zucchini	COMEDY	85
The Ornithologist	DRAMA	85
The Salesman	DRAMA	85
Starless Dreams	DOCUMENTARY	85
Mali Blues	MUSIC	85
Mudbound	DRAMA	85
Get Out	MYSTERY	85
God's Own Country	DRAMA	85
First Reformed	DRAMA	85
I Am Another You	DOCUMENTARY	85
Served Like a Girl	DOCUMENTARY	85
The Departure	DOCUMENTARY	85
Birds of Passage	DRAMA	85
Hale County This Morning This Evening	DOCUMENTARY	85
Support the Girls	COMEDY	85
Ash Is Purest White	DRAMA	85
Tea With the Dames	DOCUMENTARY	85
Won't You Be My Neighbor?	BIOGRAPHY	85
Atlantics	DRAMA	85
The Ground Beneath My Feet	DRAMA	85
One Child Nation	HISTORY	85
Shrek	COMEDY	84
Lagaan: Once Upon a Time in India	DRAMA	84
Before the Devil Knows You're Dead	DRAMA	84
Secret Sunshine	DRAMA	84
In the Shadow of the Moon	HISTORY	84
My Winnipeg	COMEDY	84
Up the Yangtze	DOCUMENTARY	84
The Dark Knight	DRAMA	84
A Christmas Tale	COMEDY	84
Slumdog Millionaire	DRAMA	84
Milk	DRAMA	84
Happy-Go-Lucky	COMEDY	84
Séraphine	DRAMA	84
Momma's Man	COMEDY	84
Ballast	DRAMA	84
Revanche	DRAMA	84
The Cove	CRIME	84
13 Assassins	DRAMA	84
Position Among the Stars	HISTORY	84
The Descendants	COMEDY	84
Oslo August 31st	DRAMA	84
Looper	DRAMA	84
The Waiting Room	DOCUMENTARY	84
Moonrise Kingdom	COMEDY	84
War Witch	DRAMA	84
Holy Motors	DRAMA	84
Museum Hours	DRAMA	84
Snowpiercer	DRAMA	84
The Square	NEWS	84
Stray Dogs	DRAMA	84
Horse Money	DRAMA	84
Frame by Frame	WAR	84
Aferim!	COMEDY	84
Heart of a Dog	DOCUMENTARY	84
The Handmaiden	DRAMA	84
Under the Shadow	DRAMA	84
Kubo and the Two Strings	ANIMATION	84
Graduation	DRAMA	84
Harmonium	DRAMA	84
Weiner	DOCUMENTARY	84
After the Storm	COMEDY	84
Homo Sapiens	DOCUMENTARY	84
Star Wars: Episode VIII - The Last Jedi	ADVENTURE	84
The Other Side of Hope	COMEDY	84
Love After Love	DRAMA	84
You Were Never Really Here	DRAMA	84
The Work	DOCUMENTARY	84
BPM (Beats Per Minute)	DRAMA	84
A Ghost Story	DRAMA	84
Hell on Earth: The Fall of Syria and the Rise of ISIS	DOCUMENTARY	84
First Man	DRAMA	84
Widows	DRAMA	84
In My Room	DRAMA	84
McQueen	BIOGRAPHY	84
On Her Shoulders	BIOGRAPHY	84
Beanpole	DRAMA	84
Booksmart	COMEDY	84
Toy Story 4	COMEDY	84
About Endlessness	DRAMA	84
Synonyms	COMEDY	84
Bait	DRAMA	84
Corpse Bride	DRAMA	83
Sweeney Todd: The Demon Barber of Fleet Street	DRAMA	83
The Secret of the Grain	DRAMA	83
Paranoid Park	DRAMA	83
U2 3D	MUSIC	83
The King of Kong: A Fistful of Quarters	BIOGRAPHY	83
Chop Shop	DRAMA	83
Tyson	SPORT	83
Trouble the Water	DOCUMENTARY	83
Fantastic Mr. Fox	COMEDY	83
Avatar	ADVENTURE	83
A Serious Man	COMEDY	83
Drag Me to Hell	THRILLER	83
Up in the Air	COMEDY	83
In the Loop	COMEDY	83
Hadewijch	DRAMA	83
Crazy Heart	DRAMA	83
Guy and Madeline on a Park Bench	DRAMA	83
Animal Kingdom	DRAMA	83
I Wish I Knew	HISTORY	83
Boxing Gym	DOCUMENTARY	83
Hugo	DRAMA	83
Pina	MUSIC	83
Footnote	COMEDY	83
Project Nim	DOCUMENTARY	83
The Day He Arrives	COMEDY	83
The Flat	DOCUMENTARY	83
La Camioneta: The Journey of One American School Bus	DOCUMENTARY	83
56 Up	DOCUMENTARY	83
The Wind Rises	DRAMA	83
The Selfish Giant	DRAMA	83
Cutie and the Boxer	BIOGRAPHY	83
20 Feet from Stardom	MUSIC	83
Gloria	COMEDY	83
Blackfish	NEWS	83
The Lego Movie	ANIMATION	83
Seymour: An Introduction	MUSIC	83
'71	DRAMA	83
Blind	DRAMA	83
20000 Days on Earth	DRAMA	83
It Follows	MYSTERY	83
Red Army	BIOGRAPHY	83
The Fool	DRAMA	83
The Postman's White Nights	DRAMA	83
The Salt of the Earth	BIOGRAPHY	83
Court	DRAMA	83
De Palma	BIOGRAPHY	83
The Forbidden Room	COMEDY	83
Mustang	DRAMA	83
Ixcanul	DRAMA	83
Cobain: Montage of Heck	ANIMATION	83
The Witch	DRAMA	83
James White	DRAMA	83
Design for Living	COMEDY	83
Everybody Wants Some!!	COMEDY	83
Being 17	DRAMA	83
20th Century Women	COMEDY	83
The Happiest Day in the Life of Olli Maki	DRAMA	83
Don't Think Twice	COMEDY	83
Rat Film	DOCUMENTARY	83
The Woman Who Left	DRAMA	83
13th	CRIME	83
Glory	DRAMA	83
The Future Perfect	DRAMA	83
Custody	DRAMA	83
The Post	DRAMA	83
Who We Are Now	DRAMA	83
The Other Side of Everything	BIOGRAPHY	83
Who Will Write Our History	HISTORY	83
Private Life	COMEDY	83
The Guilty	DRAMA	83
BlacKkKlansman	DRAMA	83
Wobble Palace	COMEDY	83
Free Solo	SPORT	83
Roll Red Roll	CRIME	83
Rosie	DRAMA	83
The Last Black Man in San Francisco	DRAMA	83
Once Upon a Time... in Hollywood	COMEDY	83
The Lighthouse	DRAMA	83
Michael Clayton	DRAMA	82
Eastern Promises	DRAMA	82
Taxi to the Dark Side	CRIME	82
A Walk to Beautiful	DOCUMENTARY	82
Stranded: I've Come from a Plane That Crashed on the Mountains	DOCUMENTARY	82
Frozen River	DRAMA	82
Hunger	DRAMA	82
Sugar	DRAMA	82
Our Beloved Month of August	MUSIC	82
Rachel Getting Married	DRAMA	82
Let the Right One In	DRAMA	82
Dear Zachary: A Letter to a Son About His Father	CRIME	82
Anvil: The Story of Anvil	DRAMA	82
Burma VJ: Reporting from a Closed Country	HISTORY	82
Star Trek	ADVENTURE	82
Ajami	DRAMA	82
The White Ribbon	DRAMA	82
The Maid	COMEDY	82
Mademoiselle Chambon	DRAMA	82
The Illusionist	DRAMA	82
Certified Copy	DRAMA	82
Mysteries of Lisbon	DRAMA	82
Marwencol	BIOGRAPHY	82
Archipelago	DRAMA	82
127 Hours	DRAMA	82
Flamenco Flamenco	MUSIC	82
Le Havre	COMEDY	82
The Deep Blue Sea	DRAMA	82
Once Upon a Time in Anatolia	DRAMA	82
In the Family	DRAMA	82
Monsieur Lazhar	COMEDY	82
Marley	MUSIC	82
Burn	DOCUMENTARY	82
Blancanieves	DRAMA	82
Under African Skies	BIOGRAPHY	82
A Hijacking	DRAMA	82
Frances Ha	COMEDY	82
Viola	DRAMA	82
Captain Phillips	DRAMA	82
The Spectacular Now	COMEDY	82
These Birds Walk	DRAMA	82
Short Term 12	DRAMA	82
Stranger by the Lake	DRAMA	82
Levitated Mass	BIOGRAPHY	82
Approaching the Elephant	DOCUMENTARY	82
Love Is Strange	DRAMA	82
The Life and Mind of Mark DeFriest	ANIMATION	82
Steve Jobs	DRAMA	82
Creed	DRAMA	82
Sicario	DRAMA	82
The End of the Tour	DRAMA	82
The Lobster	COMEDY	82
The Second Mother	COMEDY	82
Embrace of the Serpent	DRAMA	82
The Love Witch	COMEDY	82
Window Horses	DRAMA	82
Sieranevada	COMEDY	82
Certain Women	DRAMA	82
Neruda	DRAMA	82
Heal the Living	DRAMA	82
Nuts!	ANIMATION	82
A Stray	DRAMA	82
The Girl Without Hands	DRAMA	82
War for the Planet of the Apes	DRAMA	82
Marjorie Prime	DRAMA	82
Life and Nothing More	DRAMA	82
Mountain	DOCUMENTARY	82
Araby	DRAMA	82
Our Time Will Come	DRAMA	82
Ava	DRAMA	82
Cuba and the Cameraman	DOCUMENTARY	82
Isle of Dogs	COMEDY	82
A Quiet Place	DRAMA	82
Transit	DRAMA	82
The Serengeti Rules	BIOGRAPHY	82
Carmine Street Guitars	MUSIC	82
We the Animals	DRAMA	82
Pandas	DOCUMENTARY	82
Relaxer	COMEDY	82
John McEnroe: In the Realm of Perfection	SPORT	82
The Waldheim Waltz	HISTORY	82
Penguin Highway	ANIMATION	82
Mercury 13	DOCUMENTARY	82
Wrestle	SPORT	82
Maiden	SPORT	82
Bacurau	ADVENTURE	82
Give Me Liberty	COMEDY	82
Sorry We Missed You	DRAMA	82
The Climb	COMEDY	82
Knives Out	COMEDY	82
Toni Morrison: The Pieces I Am	DOCUMENTARY	82
Hot Fuzz	COMEDY	81
Hairspray	COMEDY	81
You the Living	COMEDY	81
Juno	COMEDY	81
Katyn	DRAMA	81
Pete Seeger: The Power of Song	MUSIC	81
Chris & Don. A Love Story	ROMANCE	81
Il Divo	DRAMA	81
The Headless Woman	DRAMA	81
Of Time and the City	BIOGRAPHY	81
The Secret of Kells	ANIMATION	81
Bright Star	DRAMA	81
White Material	DRAMA	81
District 9	ACTION	81
The Damned United	DRAMA	81
Fish Tank	DRAMA	81
Police Adjective	DRAMA	81
Blue Valentine	DRAMA	81
Red White & Blue	DRAMA	81
Tuesday After Christmas	DRAMA	81
Beginners	COMEDY	81
Waiting for 'Superman'	DOCUMENTARY	81
Thunder Soul	MUSIC	81
My Joy	DRAMA	81
Play	DRAMA	81
Wrinkles	DRAMA	81
Midnight in Paris	COMEDY	81
Weekend	DRAMA	81
The Trouble with the Truth	DRAMA	81
Hell and Back Again	ACTION	81
Silver Linings Playbook	COMEDY	81
Skyfall	ADVENTURE	81
Ai Weiwei: Never Sorry	DOCUMENTARY	81
Django Unchained	DRAMA	81
Tchoupitoulas	DOCUMENTARY	81
No	DRAMA	81
Sister	DRAMA	81
Gimme the Loot	COMEDY	81
Wadjda	COMEDY	81
Leviathan	DOCUMENTARY	81
Elena	DRAMA	81
The World's End	COMEDY	81
Upstream Color	DRAMA	81
Elaine Stritch: Shoot Me	DOCUMENTARY	81
Starred Up	DRAMA	81
Closed Curtain	DRAMA	81
Locke	DRAMA	81
Norte the End of History	DRAMA	81
At Berkeley	DOCUMENTARY	81
The Empty Hours	DRAMA	81
Selma	DRAMA	81
Foxcatcher	DRAMA	81
Inherent Vice	COMEDY	81
A Pigeon Sat on a Branch Reflecting on Existence	COMEDY	81
A Girl Walks Home Alone at Night	DRAMA	81
Top Five	COMEDY	81
Goodnight Mommy	MYSTERY	81
Eden	DRAMA	81
Coming Home	DRAMA	81
Two Step	DRAMA	81
Top Spin	DOCUMENTARY	81
The Big Short	COMEDY	81
Racing Extinction	NEWS	81
Shaun the Sheep Movie	COMEDY	81
Blood of My Blood	DRAMA	81
Twinsters	FAMILY	81
Closet Monster	DRAMA	81
Bridge of Spies	DRAMA	81
Experimenter	DRAMA	81
Truman	COMEDY	81
A War	DRAMA	81
TransFatty Lives	BIOGRAPHY	81
Arabian Nights: Volume 2 - The Desolate One	DRAMA	81
Right Now Wrong Then	DRAMA	81
No Home Movie	DOCUMENTARY	81
In Jackson Heights	DOCUMENTARY	81
Under the Sun	DOCUMENTARY	81
Jackie	DRAMA	81
Arrival	DRAMA	81
Best Worst Thing That Ever Could Have Happened...	DOCUMENTARY	81
Moana	COMEDY	81
White Sun	DRAMA	81
Hunt for the Wilderpeople	COMEDY	81
Chicken People	COMEDY	81
Raw	DRAMA	81
Justin Timberlake + the Tennessee Kids	MUSIC	81
The Levelling	DRAMA	81
The Wailing	MYSTERY	81
Disturbing the Peace	DOCUMENTARY	81
Blade Runner 2049	DRAMA	81
Coco	ANIMATION	81
Angkor Awakens: A Portrait of Cambodia	DOCUMENTARY	81
Western	DRAMA	81
Step	DOCUMENTARY	81
Summer 1993	DRAMA	81
Dolores	BIOGRAPHY	81
The Guardians	DRAMA	81
Menashe	DRAMA	81
A River Below	DOCUMENTARY	81
Revenge	ACTION	81
12 Days	DOCUMENTARY	81
The Dawn Wall	SPORT	81
United Skates	DOCUMENTARY	81
The Hate U Give	DRAMA	81
Loveling	COMEDY	81
Ray & Liz	DRAMA	81
Shadow	DRAMA	81
Mirai	DRAMA	81
Mandy	ACTION	81
Woman at War	COMEDY	81
In Fabric	COMEDY	81
Three Identical Strangers	DRAMA	81
The Chambermaid	DRAMA	81
I Do Not Care If We Go Down in History as Barbarians	COMEDY	81
Ford v Ferrari	DRAMA	81
The Edge of Democracy	HISTORY	81
Invisible Life	DRAMA	81
Us	MYSTERY	81
Minority Report	ACTION	80
The Simpsons Movie	COMEDY	80
The Band's Visit	COMEDY	80
Encounters at the End of the World	DOCUMENTARY	80
Frost/Nixon	DRAMA	80
Tokyo Sonata	DRAMA	80
Everlasting Moments	DRAMA	80
The Wrestler	DRAMA	80
Bigger Stronger Faster*	SPORT	80
Wendy and Lucy	DRAMA	80
Lorna's Silence	DRAMA	80
Food Inc.	NEWS	80
Coraline	DRAMA	80
My Dog Tulip	DRAMA	80
The Secret in Their Eyes	DRAMA	80
The King of Escape	COMEDY	80
Sweetgrass	WESTERN	80
Incendies	DRAMA	80
True Grit	DRAMA	80
Another Year	COMEDY	80
The Secret World of Arrietty	ANIMATION	80
Le Quattro Volte	DRAMA	80
The Turin Horse	DRAMA	80
The Mill and the Cross	DRAMA	80
Melancholia	DRAMA	80
Goodbye First Love	DRAMA	80
I Wish	DRAMA	80
Berberian Sound Studio	DRAMA	80
Resolution	MYSTERY	80
Room 237	DOCUMENTARY	80
Call Me Kuchu	DRAMA	80
What Richard Did	DRAMA	80
The Queen of Versailles	DOCUMENTARY	80
West of Memphis	CRIME	80
Dallas Buyers Club	DRAMA	80
When I Walk	DOCUMENTARY	80
Il Futuro	DRAMA	80
The Last of the Unjust	HISTORY	80
Which Way Is the Front Line from Here? The Life and Time of Tim Hetherington	DRAMA	80
Story of My Death	DRAMA	80
Boy and the World	ANIMATION	80
Love & Mercy	DRAMA	80
As the Palaces Burn	MUSIC	80
White God	DRAMA	80
Theeb	DRAMA	80
Concerning Violence	DRAMA	80
She's Beautiful When She's Angry	HISTORY	80
We Come as Friends	DOCUMENTARY	80
Pervert Park	CRIME	80
Iris	BIOGRAPHY	80
Star Wars: Episode VII - The Force Awakens	ADVENTURE	80
The Survivalist	DRAMA	80
Arabian Nights: Volume 1 - The Restless One	DRAMA	80
Finders Keepers	DOCUMENTARY	80
The Assassin	DRAMA	80
The Martian	DRAMA	80
The Hard Stop	ACTION	80
Going Clear: Scientology & the Prison of Belief	DOCUMENTARY	80
The Pearl Button	DOCUMENTARY	80
Arabian Nights: Volume 3 - The Enchanted One	DRAMA	80
Neon Bull	DRAMA	80
Demon	DRAMA	80
The Citizen	DRAMA	80
Gleason	DOCUMENTARY	80
Off the Rails	DOCUMENTARY	80
Indivisible	DRAMA	80
Peter and the Farm	DOCUMENTARY	80
California Typewriter	DOCUMENTARY	80
Hotel Salvation	COMEDY	80
Unrest	DRAMA	80
The Endless	SCI_FI	80
Good Time	DRAMA	80
Lean on Pete	DRAMA	80
Lucky	COMEDY	80
Claire's Camera	DRAMA	80
The Force	DOCUMENTARY	80
Trophy	DOCUMENTARY	80
The Wound	DRAMA	80
Last Men in Aleppo	WAR	80
On the Beach at Night Alone	DRAMA	80
Liyana	ANIMATION	80
The Great Buddha +	COMEDY	80
The Old Man & the Gun	COMEDY	80
Incredibles 2	ANIMATION	80
Aquarela	DOCUMENTARY	80
Wild Rose	COMEDY	80
Sorry to Bother You	COMEDY	80
Wildlife	DRAMA	80
All is Well	DRAMA	80
The Proposal	DOCUMENTARY	80
Too Late to Die Young	DRAMA	80
Fiddler: A Miracle of Miracles	DOCUMENTARY	80
Western Stars	MUSIC	80
Ad Astra	DRAMA	80
David Crosby: Remember My Name	MUSIC	80
Knock Down the House	DOCUMENTARY	80
Light from Light	DRAMA	80
I Lost My Body	DRAMA	80
End of the Century	DRAMA	80
Joe Strummer: The Future Is Unwritten	MUSIC	79
Silent Light	DRAMA	79
The Visitor	DRAMA	79
Moving Midway	DOCUMENTARY	79
Iron Man	ADVENTURE	79
I've Loved You So Long	DRAMA	79
The Order of Myths	DOCUMENTARY	79
Harvard Beats Yale 29-29	SPORT	79
Mother	DRAMA	79
I Am Love	DRAMA	79
Black Swan	DRAMA	79
The Fighter	DRAMA	79
Let Me In	DRAMA	79
Senna	SPORT	79
Hubble 3D	DOCUMENTARY	79
Joan Rivers: A Piece of Work	COMEDY	79
Pariah	DRAMA	79
Coriolanus	DRAMA	79
Miss Bala	DRAMA	79
Policeman	DRAMA	79
Photographic Memory	DOCUMENTARY	79
Life of Pi	DRAMA	79
Our Children	DRAMA	79
The Sessions	COMEDY	79
Keep the Lights On	DRAMA	79
Downeast	DRAMA	79
Searching for Sugar Man	MUSIC	79
Wagner's Dream	DOCUMENTARY	79
Fill the Void	DRAMA	79
The Central Park Five	CRIME	79
Deceptive Practice: The Mysteries and Mentors of Ricky Jay	DOCUMENTARY	79
Under the Skin	DRAMA	79
Only Lovers Left Alive	COMEDY	79
Jodorowsky's Dune	DOCUMENTARY	79
In a World...	COMEDY	79
For Those in Peril	DRAMA	79
Metalhead	DRAMA	79
Glen Campbell: I'll Be Me	FAMILY	79
Dawn of the Planet of the Apes	DRAMA	79
Dear White People	COMEDY	79
Gone Girl	DRAMA	79
Clouds of Sils Maria	DRAMA	79
Don't Think I've Forgotten: Cambodia's Lost Rock & Roll	MUSIC	79
A Most Violent Year	DRAMA	79
Li'l Quinquin	COMEDY	79
Pride	COMEDY	79
Stray Dog	WAR	79
Tu Dors Nicole	COMEDY	79
Christmas Again	DRAMA	79
Sand Dollars	DRAMA	79
Beasts of No Nation	DRAMA	79
The Witness	CRIME	79
Mountains May Depart	DRAMA	79
Hitchcock/Truffaut	DOCUMENTARY	79
Green Room	MUSIC	79
The Black Panthers: Vanguard of the Revolution	HISTORY	79
Counting	DOCUMENTARY	79
The Thoughts That Once We Had	DOCUMENTARY	79
Winter on Fire: Ukraine's Fight for Freedom	DOCUMENTARY	79
Silence	DRAMA	79
Fences	DRAMA	79
Sing Street	COMEDY	79
American Honey	DRAMA	79
Loving	DRAMA	79
Contemporary Color	MUSIC	79
Sami Blood	DRAMA	79
Your Name.	DRAMA	79
Hermia & Helena	COMEDY	79
Nobody's Watching	DRAMA	79
Walking Out	DRAMA	79
The Meyerowitz Stories	COMEDY	79
Brawl in Cell Block 99	DRAMA	79
November	DRAMA	79
Whose Streets?	DOCUMENTARY	79
I Am Not A Witch	DRAMA	79
Let the Sunshine In	COMEDY	79
El Mar La Mar	DOCUMENTARY	79
The Venerable W.	DOCUMENTARY	79
Annihilation	DRAMA	79
Being Frank: The Chris Sievey Story	MUSIC	79
Funan	ANIMATION	79
The Ballad of Buster Scruggs	COMEDY	79
Gloria Bell	COMEDY	79
Science Fair	DOCUMENTARY	79
Night Comes On	DRAMA	79
Thunder Road	COMEDY	79
Winter Flies	COMEDY	79
Hotel by the River	DRAMA	79
Working Woman	DRAMA	79
16 Shots	DOCUMENTARY	79
Hustlers	COMEDY	79
A Shaun the Sheep Movie: Farmageddon	COMEDY	79
Bad Education	COMEDY	79
Midnight Traveler	WAR	79
Mickey and the Bear	DRAMA	79
Control	DRAMA	78
The Last Mistress	DRAMA	78
Zodiac	DRAMA	78
28 Weeks Later	SCI_FI	78
Starting Out in the Evening	DRAMA	78
The Counterfeiters	DRAMA	78
The Devil Came on Horseback	DOCUMENTARY	78
O'Horten	COMEDY	78
Hellboy II: The Golden Army	ADVENTURE	78
The Betrayal	DOCUMENTARY	78
Roman Polanski: Wanted and Desired	CRIME	78
Pray the Devil Back to Hell	DOCUMENTARY	78
Teza	DRAMA	78
Harry Potter and the Half-Blood Prince	ADVENTURE	78
Precious	DRAMA	78
The Boys: The Sherman Brothers' Story	DOCUMENTARY	78
Racing Dreams	SPORT	78
Please Give	COMEDY	78
Waste Land	DOCUMENTARY	78
Putty Hill	DRAMA	78
The Princess of Montpensier	DRAMA	78
Foreign Parts	DRAMA	78
Oki's Movie	COMEDY	78
Drive	DRAMA	78
The Guard	COMEDY	78
Tatsumi	DRAMA	78
A Simple Life	DRAMA	78
Five Broken Cameras	WAR	78
The Dark Knight Rises	ADVENTURE	78
Beware of Mr. Baker	DOCUMENTARY	78
Much Ado About Nothing	COMEDY	78
Tabu	DRAMA	78
In the Fog	DRAMA	78
Pavilion	DRAMA	78
Tracks	DRAMA	78
Blue Jasmine	DRAMA	78
Blue Ruin	DRAMA	78
Paradise: Hope	DRAMA	78
American Revolutionary: The Evolution of Grace Lee Boggs	BIOGRAPHY	78
Enough Said	COMEDY	78
Little Hope Was Arson	DRAMA	78
Ex Machina	DRAMA	78
The Tribe	DRAMA	78
Born to Fly: Elizabeth Streb vs. Gravity	ACTION	78
Rocks in My Pockets	COMEDY	78
The Last Man on the Moon	ADVENTURE	78
Becoming Bulletproof	WESTERN	78
Breathe	DRAMA	78
August Winds	DRAMA	78
The Grief of Others	DRAMA	78
Welcome to Leith	DOCUMENTARY	78
Junun	MUSIC	78
The Lost City of Z	DRAMA	78
Zootopia	COMEDY	78
Tempestad	DOCUMENTARY	78
Women Who Kill	COMEDY	78
Hooligan Sparrow	DRAMA	78
Indignation	DRAMA	78
The Innocents	DRAMA	78
Kedi	DOCUMENTARY	78
Endless Poetry	DRAMA	78
Goldstone	CRIME	78
The Age of Shadows	DRAMA	78
I Daniel Blake	DRAMA	78
A Silent Voice: The Movie	DRAMA	78
Tickling Giants	DOCUMENTARY	78
Abortion: Stories Women Tell	DOCUMENTARY	78
Clash	DRAMA	78
Bright Lights: Starring Carrie Fisher and Debbie Reynolds	DOCUMENTARY	78
Amanda Knox	CRIME	78
In Between	DRAMA	78
The Breadwinner	DRAMA	78
Long Strange Trip - The Untold Story of The Grateful Dead	DOCUMENTARY	78
It Comes At Night	MYSTERY	78
Logan Lucky	COMEDY	78
A Gentle Creature	DRAMA	78
Barracuda	DRAMA	78
The Charmer	DRAMA	78
Shadowman	BIOGRAPHY	78
Saving Brinton	DOCUMENTARY	78
Beach Rats	DRAMA	78
Did You Wonder Who Fired the Gun?	DOCUMENTARY	78
Hitler's Hollywood	HISTORY	78
Ryuichi Sakamoto: Coda	MUSIC	78
The Green Fog	MYSTERY	78
Angels Wear White	DRAMA	78
One of Us	DOCUMENTARY	78
The Other Side of the Wind	DRAMA	78
Another Day of Life	ANIMATION	78
The Sisters Brothers	DRAMA	78
Styx	DRAMA	78
Bathtubs Over Broadway	COMEDY	78
Madeline's Madeline	DRAMA	78
Non-Fiction	COMEDY	78
Holiday	DRAMA	78
The World Before Your Feet	DOCUMENTARY	78
3 Faces	DRAMA	78
Les Misérables	DRAMA	78
Avengers: Endgame	DRAMA	78
Diego Maradona	SPORT	78
A Hidden Life	DRAMA	78
Monos	DRAMA	78
High Flying Bird	DRAMA	78
Love Antosha	MUSIC	78
Scratch	MUSIC	77
Grindhouse	ACTION	77
The Pool	DRAMA	77
Somers Town	COMEDY	77
The Messenger	DRAMA	77
Under the Sea 3D	SHORT	77
Sin Nombre	DRAMA	77
Get Low	DRAMA	77
Red Riding: The Year of Our Lord 1983	DRAMA	77
A Single Man	DRAMA	77
I Killed My Mother	DRAMA	77
Mugabe and the White African	DOCUMENTARY	77
In Search of Memory	DOCUMENTARY	77
Alamar	DRAMA	77
The Ghost Writer	DRAMA	77
Circo	DOCUMENTARY	77
Benda Bilili!	MUSIC	77
Las Acacias	DRAMA	77
Jiro Dreams of Sushi	DOCUMENTARY	77
Sholem Aleichem: Laughing in the Darkness	DOCUMENTARY	77
Gerhard Richter Painting	DOCUMENTARY	77
Two Years at Sea	DOCUMENTARY	77
Brooklyn Castle	DOCUMENTARY	77
London: The Modern Babylon	MUSIC	77
The Imposter	CRIME	77
A Band Called Death	MUSIC	77
China Heavyweight	SPORT	77
The Hunt	DRAMA	77
The House I Live In	DOCUMENTARY	77
Caesar Must Die	DRAMA	77
Neighboring Sounds	DRAMA	77
Hiver nomade	HISTORY	77
The World Before Her	DOCUMENTARY	77
God Loves Uganda	DOCUMENTARY	77
The Immigrant	DRAMA	77
Mother of George	DRAMA	77
Child's Pose	DRAMA	77
Philomena	COMEDY	77
The Expedition to the End of the World	COMEDY	77
Code Black	DRAMA	77
A Touch of Sin	DRAMA	77
Paddington	COMEDY	77
While We're Young	COMEDY	77
Mission Blue	DRAMA	77
The Dark Horse	DRAMA	77
Calvary	DRAMA	77
Jauja	DRAMA	77
Buzzard	COMEDY	77
Keep on Keepin' On	DOCUMENTARY	77
Wild Tales	COMEDY	77
Güeros	COMEDY	77
Mississippi Grind	COMEDY	77
Meru	SPORT	77
Above and Below	DRAMA	77
Mediterranea	DRAMA	77
Best of Enemies: Buckley vs. Vidal	BIOGRAPHY	77
Queen of Earth	DRAMA	77
How to Change the World	ADVENTURE	77
Presenting Princess Shaw	MUSIC	77
The Gift	DRAMA	77
The Hunting Ground	DOCUMENTARY	77
Prophet's Prey	BIOGRAPHY	77
Victoria	DRAMA	77
Grandma	COMEDY	77
Evolution	DRAMA	77
Chi-Raq	COMEDY	77
Miss Sharon Jones!	MUSIC	77
The Edge of Seventeen	COMEDY	77
Finding Dory	COMEDY	77
A Quiet Passion	DRAMA	77
The Jungle Book	DRAMA	77
Baden Baden	COMEDY	77
Alive and Kicking	MUSIC	77
Icaros: A Vision	DRAMA	77
Apprentice	DRAMA	77
Personal Shopper	DRAMA	77
The Teacher	COMEDY	77
Trapped	DOCUMENTARY	77
Zero Days	DOCUMENTARY	77
Don't Call Me Son	DRAMA	77
Command and Control	HISTORY	77
The B-Side: Elsa Dorfman's Portrait Photography	DOCUMENTARY	77
And Then I Go	DRAMA	77
Win It All	COMEDY	77
Logan	DRAMA	77
Gerald's Game	DRAMA	77
The Wife	DRAMA	77
Detroit	DRAMA	77
I Tonya	COMEDY	77
The Beguiled	DRAMA	77
On Body and Soul	DRAMA	77
Legion of Brothers	WAR	77
Have a Nice Day	COMEDY	77
Human Flow	DOCUMENTARY	77
24 Frames	DRAMA	77
Jim & Andy: The Great Beyond	DOCUMENTARY	77
The Last Race	SPORT	77
The Nightingale	DRAMA	77
High Life	DRAMA	77
Unlovable	COMEDY	77
Pity	DRAMA	77
And Breathe Normally	DRAMA	77
They'll Love Me When I'm Dead	DOCUMENTARY	77
Blindspotting	COMEDY	77
People's Republic of Desire	DOCUMENTARY	77
Prosecuting Evil	BIOGRAPHY	77
The Heiresses	DRAMA	77
Grass	DRAMA	77
Anthropocene: The Human Epoch	DOCUMENTARY	77
Monrovia Indiana	DOCUMENTARY	77
La Flor	DRAMA	77
Linda Ronstadt: The Sound of My Voice	MUSIC	77
Incitement	THRILLER	77
First Love	COMEDY	77
The Mustang	DRAMA	77
2040	DOCUMENTARY	77
Promare	ANIMATION	77
Human Nature	DOCUMENTARY	77
3:10 to Yuma	ADVENTURE	76
American Gangster	DRAMA	76
Superbad	COMEDY	76
Anita O'Day: The Life of a Jazz Singer	MUSIC	76
Nanking	BIOGRAPHY	76
Shotgun Stories	DRAMA	76
The Baader Meinhof Complex	ACTION	76
Shine a Light	MUSIC	76
Every Little Step	MUSIC	76
Not Quite Hollywood: The Wild Untold Story of Ozploitation!	HISTORY	76
Service	DRAMA	76
Soul Power	MUSIC	76
Living in Emergency	DOCUMENTARY	76
Rembrandt's J'Accuse	MYSTERY	76
The Last Station	DRAMA	76
Broken Embraces	DRAMA	76
500 Days of Summer	COMEDY	76
Adventureland	COMEDY	76
The Girl with the Dragon Tattoo	DRAMA	76
Soul Kitchen	COMEDY	76
Army of Crime	DRAMA	76
Vengeance	ACTION	76
Still Bill	MUSIC	76
A Mother's Courage: Talking Back to Autism	DOCUMENTARY	76
Father of My Children	DRAMA	76
Undertow	DRAMA	76
Room and a Half	ANIMATION	76
Rabbit Hole	DRAMA	76
And Everything Is Going Fine	DOCUMENTARY	76
The Hunter	DRAMA	76
Greenberg	COMEDY	76
Chico & Rita	DRAMA	76
Ain't in It for My Health: A Film About Levon Helm	MUSIC	76
Submarine	COMEDY	76
Bill Cunningham: New York	BIOGRAPHY	76
Silent Souls	DRAMA	76
El Sicario Room 164	DOCUMENTARY	76
Jane Eyre	DRAMA	76
A Dangerous Method	DRAMA	76
Beats Rhymes & Life: The Travels of A Tribe Called Quest	MUSIC	76
Margin Call	DRAMA	76
The Loneliest Planet	THRILLER	76
TT3D: Closer to the Edge	SPORT	76
Hara-Kiri: Death of a Samurai	DRAMA	76
Buck	DOCUMENTARY	76
Bobby Fischer Against the World	BIOGRAPHY	76
Elza	DRAMA	76
Nancy Please	DRAMA	76
Like Someone in Love	DRAMA	76
Something in the Air	DRAMA	76
Reality	COMEDY	76
Night Across the Street	COMEDY	76
Flight	DRAMA	76
Mud	DRAMA	76
Lore	DRAMA	76
The Unspeakable Act	DRAMA	76
Dead Man's Burden	DRAMA	76
This Ain't California	SPORT	76
Horses of God	DRAMA	76
Is the Man Who Is Tall Happy?	ANIMATION	76
We Steal Secrets: The Story of WikiLeaks	DOCUMENTARY	76
The Hunger Games: Catching Fire	ADVENTURE	76
Blue Caprice	DRAMA	76
The Dance of Reality	DRAMA	76
Sound City	MUSIC	76
It Felt Like Love	DRAMA	76
The Lunchbox	DRAMA	76
Vic + Flo Saw a Bear	DRAMA	76
Dirty Wars	CRIME	76
Fifi Howls from Happiness	DOCUMENTARY	76
Tim's Vermeer	HISTORY	76
The Dog	ADVENTURE	76
Testament of Youth	DRAMA	76
How to Train Your Dragon 2	ANIMATION	76
Guardians of the Galaxy	COMEDY	76
Happy Valley	DRAMA	76
Wild	DRAMA	76
Five Star	DRAMA	76
Nightcrawler	DRAMA	76
99 Homes	DRAMA	76
Obvious Child	COMEDY	76
The Guest	COMEDY	76
The Wonders	DRAMA	76
Listen Up Philip	COMEDY	76
Actress	DRAMA	76
The Mend	COMEDY	76
What We Do in the Shadows	COMEDY	76
Housebound	COMEDY	76
A Hard Day	ACTION	76
Black Souls	DRAMA	76
The Iron Ministry	DOCUMENTARY	76
The Revenant	ADVENTURE	76
Maggie's Plan	COMEDY	76
Chevalier	COMEDY	76
Women He's Undressed	BIOGRAPHY	76
Dheepan	DRAMA	76
Cartel Land	NEWS	76
3½ Minutes Ten Bullets	CRIME	76
Marguerite	COMEDY	76
Birdboy: The Forgotten Children	DRAMA	76
10 Cloverfield Lane	DRAMA	76
Their Finest	COMEDY	76
Midnight Special	DRAMA	76
A Monster Calls	DRAMA	76
Lady Macbeth	DRAMA	76
Keep Quiet	DOCUMENTARY	76
Into the Inferno	DOCUMENTARY	76
The Student	DRAMA	76
Creepy	MYSTERY	76
Tramps	COMEDY	76
The Death of Louis XIV	DRAMA	76
Spa Night	DRAMA	76
Lo and Behold: Reveries of the Connected World	DOCUMENTARY	76
Tickled	MYSTERY	76
Machines	DOCUMENTARY	76
Wonder Woman	ADVENTURE	76
The Disaster Artist	COMEDY	76
Stronger	DRAMA	76
A Prayer Before Dawn	DRAMA	76
Tigers Are Not Afraid	MYSTERY	76
The Light of the Moon	DRAMA	76
The Death and Life of Marsha P. Johnson	DOCUMENTARY	76
Montparnasse Bienvenüe	DRAMA	76
The Lovers	COMEDY	76
Leaning Into The Wind	DOCUMENTARY	76
Cries from Syria	DRAMA	76
Spettacolo	DOCUMENTARY	76
Outside In	DRAMA	76
Half the Picture	DOCUMENTARY	76
The Image Book	DRAMA	76
Calibre	DRAMA	76
The Breaker Upperers	COMEDY	76
At Eternity's Gate	DRAMA	76
Ghostbox Cowboy	COMEDY	76
The Price of Everything	DOCUMENTARY	76
The Last Resort	HISTORY	76
Garry Winogrand: All Things are Photographable	DOCUMENTARY	76
Cassandro The Exotico!	DOCUMENTARY	76
The Panama Papers	DOCUMENTARY	76
Rojo	DRAMA	76
The Kingmaker	DOCUMENTARY	76
Tremors	DRAMA	76
Saint Maud	DRAMA	76
The Whistlers	COMEDY	76
Dolemite Is My Name	COMEDY	76
Cold Case Hammarskjöld	ANIMATION	76
Hail Satan?	DOCUMENTARY	76
Miles Davis: Birth of the Cool	MUSIC	76
The Wild Goose Lake	DRAMA	76
Enchanted	COMEDY	75
Waitress	COMEDY	75
The Witnesses	DRAMA	75
Billy the Kid	DOCUMENTARY	75
Terror's Advocate	BIOGRAPHY	75
Young@Heart	MUSIC	75
Boy A	DRAMA	75
The Square	DRAMA	75
24 City	DRAMA	75
Treeless Mountain	DRAMA	75
Mid-August Lunch	COMEDY	75
Oceans	DRAMA	75
That Evening Sun	DRAMA	75
The Most Dangerous Man in America: Daniel Ellsberg and the Pentagon Papers	DOCUMENTARY	75
Crude	DOCUMENTARY	75
The Art of the Steal	DOCUMENTARY	75
Beetle Queen Conquers Tokyo	DOCUMENTARY	75
Samson & Delilah	DRAMA	75
How to Train Your Dragon	ANIMATION	75
Detective Dee: The Mystery of the Phantom Flame	DRAMA	75
Anton Chekhov's The Duel	DRAMA	75
The Strange Case of Angelica	DRAMA	75
Snabba Cash	DRAMA	75
Caterpillar	DRAMA	75
The Desert of Forbidden Art	ADVENTURE	75
Point Blank	DRAMA	75
Rango	COMEDY	75
The Muppets	COMEDY	75
Martha Marcy May Marlene	DRAMA	75
Bridesmaids	COMEDY	75
Attack the Block	COMEDY	75
Win Win	COMEDY	75
House of Tolerance	DRAMA	75
Sleepless Night	ACTION	75
Bernie	COMEDY	75
Ballplayer: Pelotero	SPORT	75
Middle of Nowhere	DRAMA	75
Chasing Ice	BIOGRAPHY	75
The Great Flood	MUSIC	75
Patience (After Sebald)	DOCUMENTARY	75
The Invisible War	CRIME	75
Graceland	CRIME	75
Harry Dean Stanton: Partly Fiction	BIOGRAPHY	75
The Wolf of Wall Street	DRAMA	75
The Invisible Woman	DRAMA	75
The Punk Singer	MUSIC	75
Side Effects	DRAMA	75
Frozen	COMEDY	75
Suzanne	DRAMA	75
Honey	DRAMA	75
After Tiller	DRAMA	75
Muscle Shoals	BIOGRAPHY	75
The Retrieval	DRAMA	75
Finding Vivian Maier	MYSTERY	75
Omar	DRAMA	75
2 Autumns 3 Winters	COMEDY	75
Kids for Cash	DRAMA	75
Miss Violence	DRAMA	75
The Kingdom of Dreams and Madness	DOCUMENTARY	75
Charlie's Country	DRAMA	75
Frank	COMEDY	75
X-Men: Days of Future Past	ADVENTURE	75
Goodbye to Language	DRAMA	75
Rich Hill	DRAMA	75
Matt Shepard Is a Friend of Mine	BIOGRAPHY	75
The Trip to Italy	COMEDY	75
Sound of Redemption: The Frank Morgan Story	DRAMA	75
Mala Mala	DRAMA	75
The Battered Bastards of Baseball	SPORT	75
Lambert & Stamp	BIOGRAPHY	75
Time Out of Mind	DRAMA	75
Heaven Knows What	DRAMA	75
Mission: Impossible - Rogue Nation	ADVENTURE	75
The Wolfpack	BIOGRAPHY	75
Mistress America	COMEDY	75
Nina Forever	COMEDY	75
Spy	COMEDY	75
Trainwreck	COMEDY	75
I'll See You in My Dreams	COMEDY	75
Our Little Sister	DRAMA	75
The Kind Words	DRAMA	75
Land of Mine	DRAMA	75
Microbe & Gasoline	COMEDY	75
Peace Officer	CRIME	75
Dark Horse	DRAMA	75
Tanna	DRAMA	75
What Happened Miss Simone?	MUSIC	75
Ingrid Bergman: In Her Own Words	BIOGRAPHY	75
Harold and Lillian: A Hollywood Love Story	BIOGRAPHY	75
Don't Blink - Robert Frank	BIOGRAPHY	75
Time to Choose	DOCUMENTARY	75
David Lynch: The Art Life	BIOGRAPHY	75
A Beautiful Planet	DOCUMENTARY	75
Stefan Zweig: Farewell to Europe	DRAMA	75
Captain America: Civil War	ADVENTURE	75
Morris from America	COMEDY	75
Life Animated	COMEDY	75
Norman	DRAMA	75
The Son of Joseph	DRAMA	75
Silicon Cowboys	HISTORY	75
Notes on Blindness	DRAMA	75
Afterimage	DRAMA	75
Mapplethorpe: Look at the Pictures	BIOGRAPHY	75
The Bad Kids	DOCUMENTARY	75
Kate Plays Christine	DRAMA	75
The Settlers	DOCUMENTARY	75
In the Last Days of the City	DRAMA	75
From Nowhere	DRAMA	75
Donald Trump's The Art of the Deal: The Movie	COMEDY	75
National Bird	DOCUMENTARY	75
Yourself and Yours	COMEDY	75
This is Congo	WAR	75
Creep 2	THRILLER	75
Okja	DRAMA	75
The Lego Batman Movie	COMEDY	75
John Wick: Chapter 2	ACTION	75
Darkest Hour	DRAMA	75
Mother!	DRAMA	75
Super Dark Times	DRAMA	75
For Ahkeem	DOCUMENTARY	75
Thoroughbreds	DRAMA	75
I Don't Feel at Home in This World Anymore.	COMEDY	75
Bodied	COMEDY	75
Félicité	DRAMA	75
The Escape	DRAMA	75
Under the Tree	COMEDY	75
Dina	DOCUMENTARY	75
Mary and the Witch's Flower	ANIMATION	75
Get Me Roger Stone	BIOGRAPHY	75
Grace Jones: Bloodlight and Bami	MUSIC	75
The Sower	DRAMA	75
Nico 1988	DRAMA	75
Pearl Jam: Let's Play Two	MUSIC	75
A Private War	DRAMA	75
Stan & Ollie	COMEDY	75
Border	DRAMA	75
Tully	COMEDY	75
Whitney	MUSIC	75
Ruben Brandt Collector	ANIMATION	75
Blaze	DRAMA	75
Diamantino	COMEDY	75
Jinn	DRAMA	75
José	DRAMA	75
The Kindergarten Teacher	DRAMA	75
Buñuel in the Labyrinth of the Turtles	DRAMA	75
The Image You Missed	BIOGRAPHY	75
Meow Wolf: Origin Story	DOCUMENTARY	75
Infinite Football	DOCUMENTARY	75
The Russian Five	SPORT	75
By the Grace of God	DRAMA	75
Capernaum	DRAMA	75
Sauvage / Wild	DRAMA	75
The Eyes of Orson Welles	DOCUMENTARY	75
Joy	DRAMA	75
The Painted Bird	DRAMA	75
Beats	COMEDY	75
The Plagiarists	DRAMA	75
The Two Popes	COMEDY	75
Zombi Child	FANTASY	75
La Belle Époque	COMEDY	75
Fyre	MUSIC	75
Vision Portraits	DOCUMENTARY	75
Sicko	DRAMA	74
Bridge to Terabithia	DRAMA	74
Breach	DRAMA	74
Mongol: The Rise of Genghis Khan	DRAMA	74
The Orphanage	DRAMA	74
The Duchess of Langeais	DRAMA	74
A Mighty Heart	DRAMA	74
My Kid Could Paint That	FAMILY	74
Unrelated	DRAMA	74
Kung Fu Panda	ANIMATION	74
Flame & Citron	DRAMA	74
The Song of Sparrows	DRAMA	74
A Woman in Berlin	DRAMA	74
Terribly Happy	DRAMA	74
Two Lovers	DRAMA	74
Lemon Tree	DRAMA	74
Herb & Dorothy	BIOGRAPHY	74
Involuntary	DRAMA	74
Prodigal Sons	DOCUMENTARY	74
Farewell	DRAMA	74
The Time That Remains	DRAMA	74
Invictus	DRAMA	74
Humpday	COMEDY	74
Daddy Longlegs	COMEDY	74
The Town	DRAMA	74
Cyrus	COMEDY	74
Inception	ADVENTURE	74
Stonewall Uprising	HISTORY	74
How I Ended This Summer	DRAMA	74
The Woodmans	BIOGRAPHY	74
Happy People: A Year in the Taiga	DOCUMENTARY	74
Tabloid	CRIME	74
Source Code	DRAMA	74
The Rabbi's Cat	COMEDY	74
Winnie the Pooh	COMEDY	74
Higher Ground	DRAMA	74
Polisse	DRAMA	74
Bully	DOCUMENTARY	74
The Wise Kids	DRAMA	74
Fake It So Real	DOCUMENTARY	74
Bombay Beach	DRAMA	74
Tomboy	DRAMA	74
Into the Abyss	DRAMA	74
Found Memories	DRAMA	74
Neil Young Journeys	MUSIC	74
The Attack	DRAMA	74
Frankenweenie	COMEDY	74
What Maisie Knew	DRAMA	74
Starlet	DRAMA	74
Marina Abramovic: The Artist Is Present	BIOGRAPHY	74
An Oversimplification of Her Beauty	COMEDY	74
Musicwood	DRAMA	74
Augustine	DRAMA	74
Liv & Ingmar	DOCUMENTARY	74
McCullin	DOCUMENTARY	74
Rush	DRAMA	74
Computer Chess	COMEDY	74
The Golden Dream	DRAMA	74
The Stone Roses: Made of Stone	MUSIC	74
Cheatin'	COMEDY	74
Joe	DRAMA	74
Ain't Them Bodies Saints	DRAMA	74
The Trials of Muhammad Ali	SPORT	74
Narco Cultura	DOCUMENTARY	74
Eastern Boys	DRAMA	74
Bad Hair	DRAMA	74
Of Horses and Men	COMEDY	74
Interstellar	DRAMA	74
The Skeleton Twins	COMEDY	74
Wildlike	DRAMA	74
Big Hero 6	ANIMATION	74
Creep	THRILLER	74
In Order of Disappearance	ADVENTURE	74
Movement and Location	DRAMA	74
Far from Men	DRAMA	74
Ballet 422	SPORT	74
Sapience	DRAMA	74
The New Girlfriend	DRAMA	74
Forbidden Films	DOCUMENTARY	74
Mommy	DRAMA	74
Famous Nathan	DOCUMENTARY	74
Drunk Stoned Brilliant Dead	HISTORY	74
A Bigger Splash	DRAMA	74
The Invitation	DRAMA	74
Me and Earl and the Dying Girl	COMEDY	74
Harry & Snowman	DRAMA	74
In the Shadow of Women	DRAMA	74
Miss Hokusai	DRAMA	74
Black	DRAMA	74
The Russian Woodpecker	WAR	74
As I Open My Eyes	DRAMA	74
My Big Night	COMEDY	74
The Measure of a Man	DRAMA	74
Among the Believers	BIOGRAPHY	74
Land and Shade	DRAMA	74
Very Semi-Serious	DOCUMENTARY	74
Lost in Paris	COMEDY	74
Sully	DRAMA	74
Harry Benson: Shoot First	DOCUMENTARY	74
Blood on the Mountain	HISTORY	74
Radio Dreams	COMEDY	74
Southside with You	DRAMA	74
Lovesong	DRAMA	74
Sand Storm	DRAMA	74
For the Love of Spock	BIOGRAPHY	74
Like Crazy	COMEDY	74
Hidden Figures	DRAMA	74
A Woman's Life	DRAMA	74
Paris 05:59: Théo & Hugo	DRAMA	74
Eat That Question: Frank Zappa in His Own Words	MUSIC	74
Little Sister	COMEDY	74
Fastball	SPORT	74
The Women's Balcony	COMEDY	74
Thor: Ragnarok	COMEDY	74
78/52: Hitchcock's Shower Scene	DOCUMENTARY	74
I Kill Giants	DRAMA	74
The Cakemaker	DRAMA	74
Everybody Loves Somebody	COMEDY	74
Tehran Taboo	DRAMA	74
Beast	DRAMA	74
Roxanne Roxanne	DRAMA	74
A Crooked Somebody	DRAMA	74
After Auschwitz	DOCUMENTARY	74
Disobedience	DRAMA	74
Pin Cushion	DRAMA	74
Wasted! The Story of Food Waste	DOCUMENTARY	74
Thelma	DRAMA	74
Casting JonBenet	DOCUMENTARY	74
Oklahoma City	CRIME	74
The Workshop	DRAMA	74
A Gray State	DOCUMENTARY	74
Been So Long	DRAMA	74
Crazy Rich Asians	COMEDY	74
Wild Nights with Emily	COMEDY	74
Love Gilda	DOCUMENTARY	74
Colette	DRAMA	74
Starfish	DRAMA	74
Little Woods	DRAMA	74
Egg	COMEDY	74
Robin Williams: Come Inside My Mind	COMEDY	74
Slut in a Good Way	COMEDY	74
Daughter of Mine	DRAMA	74
The Bleeding Edge	DOCUMENTARY	74
Donbass	DRAMA	74
Burning Cane	DRAMA	74
See You Yesterday	ADVENTURE	74
Ghost Town Anthology	DRAMA	74
Raise Hell: The Life & Times of Molly Ivins	DOCUMENTARY	74
Spider-Man	ADVENTURE	73
Cold Mountain	DRAMA	73
I'm Not There	DRAMA	73
The Lookout	DRAMA	73
Rocket Science	COMEDY	73
Into the Wild	DRAMA	73
A Girl Cut in Two	DRAMA	73
For the Bible Tells Me So	ROMANCE	73
The Price of Sugar	DOCUMENTARY	73
Red Cliff	DRAMA	73
Gonzo: The Life and Work of Dr. Hunter S. Thompson	MUSIC	73
Me and Orson Welles	COMEDY	73
Night and Day	DRAMA	73
Second Skin	DOCUMENTARY	73
Three Monkeys	DRAMA	73
Harlan: In the Shadow of Jew Suess	DOCUMENTARY	73
Thirst	DRAMA	73
The Princess and the Frog	COMEDY	73
The Hangover	COMEDY	73
See What I'm Saying: The Deaf Entertainers Documentary	DOCUMENTARY	73
Zombieland	COMEDY	73
The House of the Devil	HORROR	73
Amreeka	DRAMA	73
Cropsey	CRIME	73
Bluebeard	FANTASY	73
Dogtooth	DRAMA	73
I'm Glad My Mother Is Alive	DRAMA	73
You Don't Like the Truth: 4 Days Inside Guantanamo	HISTORY	73
Attenberg	DRAMA	73
Mission: Impossible - Ghost Protocol	ADVENTURE	73
Whores' Glory	DOCUMENTARY	73
The Black Power Mixtape 1967-1975	HISTORY	73
Khodorkovsky	DRAMA	73
The Forgiveness of Blood	DRAMA	73
Sing Your Song	MUSIC	73
The Raid: Redemption	ACTION	73
Declaration of War	DRAMA	73
Planet of Snail	DRAMA	73
A Royal Affair	DRAMA	73
The Pirates! Band of Misfits	COMEDY	73
The Impossible	DRAMA	73
Laurence Anyways	DRAMA	73
Once Upon a Time Veronica	DRAMA	73
Arbitrage	DRAMA	73
Indie Game: The Movie	DRAMA	73
Far Out Isn't Far Enough: The Tomi Ungerer Story	DOCUMENTARY	73
Rust and Bone	DRAMA	73
Herman's House	CRIME	73
Mea Maxima Culpa: Silence in the House of God	DOCUMENTARY	73
The Taiwan Oyster	COMEDY	73
Knuckleball!	SPORT	73
Free Angela and All Political Prisoners	DOCUMENTARY	73
The Grandmaster	DRAMA	73
Prince Avalanche	COMEDY	73
A Picture of You	DRAMA	73
A Field in England	DRAMA	73
Le Week-End	COMEDY	73
Grand Central	DRAMA	73
Tangerines	DRAMA	73
I Believe in Unicorns	DRAMA	73
Cold in July	CRIME	73
A Most Wanted Man	DRAMA	73
The Imitation Game	DRAMA	73
Something Anything	DRAMA	73
Dancing Arabs	DRAMA	73
Appropriate Behavior	COMEDY	73
Beyond the Lights	DRAMA	73
Dukhtar	DRAMA	73
Beltracchi: The Art of Forgery	CRIME	73
The Blue Room	ROMANCE	73
1971	THRILLER	73
Hill of Freedom	DRAMA	73
Eye in the Sky	DRAMA	73
Almost Holy	DRAMA	73
Kill Zone 2	ADVENTURE	73
All Things Must Pass: The Rise and Fall of Tower Records	MUSIC	73
Night Owls	COMEDY	73
Palio	DRAMA	73
Results	COMEDY	73
(T)ERROR	DOCUMENTARY	73
The Club	COMEDY	73
The Clan	DRAMA	73
Innocence of Memories	DRAMA	73
From Afar	DRAMA	73
Hounds of Love	DRAMA	73
Julieta	DRAMA	73
Queen of Katwe	DRAMA	73
Transpecos	THRILLER	73
In This Corner of the World	DRAMA	73
Frantz	DRAMA	73
Dying Laughing	COMEDY	73
The Alchemist Cookbook	COMEDY	73
Richard Linklater: Dream Is Destiny	DOCUMENTARY	73
Audrie & Daisy	DOCUMENTARY	73
Jim: The James Foley Story	BIOGRAPHY	73
Kiki	DOCUMENTARY	73
Sky Ladder: The Art of Cai Guo-Qiang	DOCUMENTARY	73
School Life	DOCUMENTARY	73
All This Panic	DOCUMENTARY	73
Werewolf	DRAMA	73
The Ivory Game	DOCUMENTARY	73
Abacus: Small Enough to Jail	DOCUMENTARY	73
Karl Marx City	DOCUMENTARY	73
By the Time It Gets Dark	DRAMA	73
Spider-Man: Homecoming	ADVENTURE	73
Five Fingers for Marseilles	DRAMA	73
Pop Aye	DRAMA	73
Journey's End	DRAMA	73
Saving Banksy	DOCUMENTARY	73
Novitiate	DRAMA	73
Battle of the Sexes	COMEDY	73
Bill Nye: Science Guy	DOCUMENTARY	73
Most Beautiful Island	DRAMA	73
Keep the Change	COMEDY	73
The Square	COMEDY	73
Sollers Point	DRAMA	73
Wind River	DRAMA	73
Good Manners	MUSIC	73
The Killing of a Sacred Deer	DRAMA	73
The Party	COMEDY	73
1945	DRAMA	73
The Big Bad Fox and Other Tales	COMEDY	73
The Rape of Recy Taylor	HISTORY	73
Mr. Roosevelt	COMEDY	73
Rumble: The Indians Who Rocked The World	MUSIC	73
Gilbert	COMEDY	73
Filmworker	BIOGRAPHY	73
Love & Bananas: An Elephant Story	ADVENTURE	73
Crystal Swan	DRAMA	73
The World Is Yours	COMEDY	73
Sorry Angel	DRAMA	73
Pass Over	DRAMA	73
The Silence of Others	DOCUMENTARY	73
The Raft	DOCUMENTARY	73
Girl	DRAMA	73
Meeting Gorbachev	BIOGRAPHY	73
The Biggest Little Farm	DOCUMENTARY	73
Mystify: Michael Hutchence	MUSIC	73
John Wick: Chapter 3 - Parabellum	ACTION	73
Share	DRAMA	73
Honey Boy	DRAMA	73
Mike Wallace Is Here	BIOGRAPHY	73
Nowhere in Africa	DRAMA	72
Hellboy	ACTION	72
Earth	DOCUMENTARY	72
Gone Baby Gone	DRAMA	72
Surfwise	SPORT	72
12	DRAMA	72
A Secret	DRAMA	72
Great World of Sound	COMEDY	72
Mesrine Part 2: Public Enemy #1	ACTION	72
Transsiberian	DRAMA	72
Ghost Town	COMEDY	72
Let it Rain	COMEDY	72
Lake Tahoe	DRAMA	72
Gran Torino	DRAMA	72
Tony Manero	DRAMA	72
Good Hair	COMEDY	72
Easier with Practice	DRAMA	72
The Double Hour	DRAMA	72
Amer	THRILLER	72
The Mouth of the Wolf	BIOGRAPHY	72
Daylight	CRIME	72
Sound of Noise	COMEDY	72
Easy A	COMEDY	72
Despicable Me	COMEDY	72
Das letzte Schweigen	DRAMA	72
Lovers of Hate	COMEDY	72
The Oath	DOCUMENTARY	72
Tiny Furniture	COMEDY	72
If God Is Willing and da Creek Don't Rise	DOCUMENTARY	72
Phil Ochs: There But for Fortune	BIOGRAPHY	72
Rejoice and Shout	DOCUMENTARY	72
A Screaming Man	DRAMA	72
Armadillo	WAR	72
Post Mortem	DRAMA	72
Bellflower	DRAMA	72
The Cabin in the Woods	HORROR	72
50/50	COMEDY	72
The Dish & the Spoon	COMEDY	72
War Horse	DRAMA	72
Headhunters	ACTION	72
Super 8	ACTION	72
Terri	COMEDY	72
Shame	DRAMA	72
Your Sister's Sister	COMEDY	72
Crime After Crime	CRIME	72
Paul Williams Still Alive	COMEDY	72
The Island President	DOCUMENTARY	72
First Position	DOCUMENTARY	72
Crazy Horse	DOCUMENTARY	72
Radio Unnameable	DOCUMENTARY	72
ParaNorman	COMEDY	72
Wreck-It Ralph	COMEDY	72
Safety Not Guaranteed	COMEDY	72
Magic Mike	COMEDY	72
In the House	DRAMA	72
Beauty Is Embarrassing	COMEDY	72
Still Mine	DRAMA	72
Shut Up and Play the Hits	MUSIC	72
The Bitter Buddha	COMEDY	72
Dormant Beauty	DRAMA	72
Pieta	DRAMA	72
7 Boxes	DRAMA	72
Aliyah	DRAMA	72
When I Saw You	DRAMA	72
Star Trek Into Darkness	ADVENTURE	72
Gore Vidal: The United States of Amnesia	BIOGRAPHY	72
The Rocket	DRAMA	72
Mystery Road	DRAMA	72
Our Nixon	CRIME	72
Doomsdays	DRAMA	72
Exhibition	DRAMA	72
Pussy Riot: A Punk Prayer	CRIME	72
The Kill Team	DOCUMENTARY	72
Mistaken for Strangers	COMEDY	72
In Bloom	DRAMA	72
Siddharth	DRAMA	72
Master of the Universe	DOCUMENTARY	72
American Sniper	DRAMA	72
The Theory of Everything	DRAMA	72
The Heart Machine	DRAMA	72
Diplomacy	DRAMA	72
Alléluia	ROMANCE	72
The Internet's Own Boy: The Story of Aaron Swartz	CRIME	72
Still Alice	DRAMA	72
When Marnie Was There	DRAMA	72
Nas: Time Is Illmatic	BIOGRAPHY	72
The Great Invisible	DOCUMENTARY	72
The Search for General Tso	COMEDY	72
Salad Days	MUSIC	72
Straight Outta Compton	DRAMA	72
Sunset Song	DRAMA	72
He Never Died	COMEDY	72
Bone Tomahawk	DRAMA	72
City of Gold	BIOGRAPHY	72
Slow West	DRAMA	72
Tale of Tales	DRAMA	72
A German Youth	HISTORY	72
Monkey Kingdom	DOCUMENTARY	72
Dope	COMEDY	72
King Jack	DRAMA	72
Cosmos	DRAMA	72
India's Daughter	CRIME	72
Being Evel	ACTION	72
Summertime	DRAMA	72
Breaking a Monster	DRAMA	72
Steve Jobs: The Man in the Machine	BIOGRAPHY	72
Neither Heaven Nor Earth	DRAMA	72
Manifesto	DRAMA	72
Men Go to Battle	COMEDY	72
A Space Program	DRAMA	72
The Final Master	DRAMA	72
The Devil's Candy	DRAMA	72
The Lure	COMEDY	72
Hail Caesar!	COMEDY	72
Doctor Strange	ADVENTURE	72
Gimme Danger	MUSIC	72
Ethel & Ernest	DRAMA	72
Big Fish & Begonia	DRAMA	72
The Beatles: Eight Days a Week - The Touring Years	MUSIC	72
Captain Fantastic	COMEDY	72
Betting on Zero	DOCUMENTARY	72
The Eagle Huntress	SPORT	72
Swim Team	DRAMA	72
Always Shine	DRAMA	72
Donald Cried	COMEDY	72
Christine	DRAMA	72
One Week and a Day	COMEDY	72
Obit.	DOCUMENTARY	72
Risk	DOCUMENTARY	72
Burden	BIOGRAPHY	72
The Untamed	DRAMA	72
Under the Gun	DOCUMENTARY	72
Author: The JT LeRoy Story	BIOGRAPHY	72
Old Stone	THRILLER	72
Barry	DRAMA	72
My Entire High School Sinking Into the Sea	COMEDY	72
Train to Busan	ACTION	72
The Rolling Stones Olé Olé Olé!: A Trip Across Latin America	MUSIC	72
The Wedding Plan	COMEDY	72
Food Evolution	DOCUMENTARY	72
Sweet Virginia	DRAMA	72
Only the Brave	DRAMA	72
First They Killed My Father	DRAMA	72
Blade of the Immortal	DRAMA	72
Where Is Kyra?	DRAMA	72
All the Money in the World	DRAMA	72
Happy End	DRAMA	72
Journeyman	DRAMA	72
Saturday Church	DRAMA	72
The Incredible Jessica James	COMEDY	72
Princess Cyd	DRAMA	72
Eagles of Death Metal: Nos Amis (Our Friends)	MUSIC	72
Joshua: Teenager vs. Superpower	DOCUMENTARY	72
The Day After	DRAMA	72
No Intenso Agora	HISTORY	72
The Insult	DRAMA	72
Lots of Kids a Monkey and a Castle	DOCUMENTARY	72
Boom for Real: The Late Teenage Years of Jean-Michel Basquiat	DOCUMENTARY	72
Joan Didion: The Center Will Not Hold	DOCUMENTARY	72
Hagazussa	DRAMA	72
Love Simon	COMEDY	72
Hal	BIOGRAPHY	72
Dark Money	DOCUMENTARY	72
Heavy Trip	COMEDY	72
Master Z: The Ip Man Legacy	ACTION	72
Maquia: When the Promised Flower Blooms	DRAMA	72
Skate Kitchen	DRAMA	72
The Prayer	DRAMA	72
In Search of Greatness	DOCUMENTARY	72
Screwball	DOCUMENTARY	72
Luce	DRAMA	72
Brittany Runs a Marathon	COMEDY	72
Fire Will Come	DRAMA	72
Extra Ordinary	COMEDY	72
Midsommar	DRAMA	72
El Camino: A Breaking Bad Movie	DRAMA	72
Weathering with You	DRAMA	72
Present.Perfect.	DOCUMENTARY	72
Intolerable Cruelty	COMEDY	71
Harry Potter and the Order of the Phoenix	ADVENTURE	71
The Water Horse	ADVENTURE	71
Smiley Face	COMEDY	71
My Brother Is an Only Child	COMEDY	71
Roman de gare	DRAMA	71
Trumbo	BIOGRAPHY	71
Manda Bala (Send a Bullet)	DOCUMENTARY	71
To the Limit	SPORT	71
Bliss	DRAMA	71
Disgrace	DRAMA	71
Horton Hears a Who!	COMEDY	71
Tropic Thunder	COMEDY	71
What Doesn't Kill You	DRAMA	71
Bronson	ACTION	71
Jerichow	DRAMA	71
Mesrine Part 1: Killer Instinct	ACTION	71
Neshoba	DOCUMENTARY	71
Where the Wild Things Are	DRAMA	71
Inspector Bellamy	DRAMA	71
Everyone Else	DRAMA	71
Nothing Personal	DRAMA	71
Strongman	DOCUMENTARY	71
The Yes Men Fix the World	COMEDY	71
Winnebago Man	COMEDY	71
Lourdes	DRAMA	71
No One Knows About Persian Cats	DRAMA	71
Rapt	DRAMA	71
American Radical: The Trials of Norman Finkelstein	BIOGRAPHY	71
Collapse	DOCUMENTARY	71
Tangled	COMEDY	71
One Lucky Elephant	DOCUMENTARY	71
Black Death	DRAMA	71
Rare Exports	ADVENTURE	71
The Big Picture	DRAMA	71
Leap Year	DRAMA	71
Elite Squad: The Enemy Within	DRAMA	71
I Will Follow	DRAMA	71
Cameraman: The Life and Work of Jack Cardiff	BIOGRAPHY	71
Mozart's Sister	DRAMA	71
Warrior	DRAMA	71
Making the Boys	ROMANCE	71
The Girl with the Dragon Tattoo	DRAMA	71
Young Adult	COMEDY	71
Dragonslayer	DOCUMENTARY	71
Last Days Here	MUSIC	71
Being Elmo: A Puppeteer's Journey	DOCUMENTARY	71
Jess + Moss	DRAMA	71
From Up on Poppy Hill	DRAMA	71
Undefeated	SPORT	71
Battle for Brooklyn	DRAMA	71
The Man Nobody Knew: In Search of My Father CIA Spymaster William Colby	BIOGRAPHY	71
11 Flowers	DRAMA	71
The Road	DRAMA	71
Starry Starry Night	DRAMA	71
Shadow Dancer	DRAMA	71
Stolen Seas	ADVENTURE	71
Smashed	DRAMA	71
My Brother the Devil	DRAMA	71
Sleepwalk with Me	COMEDY	71
Only the Young	COMEDY	71
Bestiaire	DOCUMENTARY	71
Wolf Children	DRAMA	71
The Pervert's Guide to Ideology	DOCUMENTARY	71
Koch	BIOGRAPHY	71
Doin' It in the Park: Pick-Up Basketball NYC	SPORT	71
The Zen of Bennett	DOCUMENTARY	71
Trashed	DOCUMENTARY	71
This Is Martin Bonner	DRAMA	71
Remote Area Medical	DOCUMENTARY	71
Blood Brother	DOCUMENTARY	71
Drinking Buddies	COMEDY	71
Run & Jump	DRAMA	71
I Am Breathing	BIOGRAPHY	71
Double Play: James Benning and Richard Linklater	BIOGRAPHY	71
52 Tuesdays	DRAMA	71
Edge of Tomorrow	ADVENTURE	71
The Way He Looks	DRAMA	71
As It Is in Heaven	DRAMA	71
The Raid 2	ACTION	71
22 Jump Street	COMEDY	71
I Am Big Bird: The Caroll Spinney Story	DRAMA	71
Fed Up	DOCUMENTARY	71
Next Goal Wins	SPORT	71
Copenhagen	DRAMA	71
Get on Up	DRAMA	71
Pasolini	DRAMA	71
The Farewell Party	COMEDY	71
The Falling	DRAMA	71
Animals	DRAMA	71
Whitey: United States of America v. James J. Bulger	CRIME	71
Cash Only	DRAMA	71
Macbeth	DRAMA	71
Far from the Madding Crowd	DRAMA	71
Mr. Gaga: A True Story of Love and Dance	BIOGRAPHY	71
Francofonia	DRAMA	71
London Road	MUSIC	71
Sleeping Giant	DRAMA	71
Sweaty Betty	DRAMA	71
King Georges	BIOGRAPHY	71
Mavis!	MUSIC	71
Tomorrow	DOCUMENTARY	71
Tikkun	DRAMA	71
A Monster with a Thousand Heads	DRAMA	71
Paint It Black	DRAMA	71
The Last Laugh	COMEDY	71
Hacksaw Ridge	DRAMA	71
Pete's Dragon	COMEDY	71
Big Sonia	FAMILY	71
Florence Foster Jenkins	COMEDY	71
Don't Breathe	CRIME	71
Three	ACTION	71
Divines	DRAMA	71
Nocturama	DRAMA	71
A Dark Song	DRAMA	71
Prevenge	COMEDY	71
Oasis: Supersonic	MUSIC	71
When Two Worlds Collide	DOCUMENTARY	71
Kékszakállú	DRAMA	71
Breath	DRAMA	71
Girls Trip	COMEDY	71
Molly's Game	DRAMA	71
Wonderstruck	DRAMA	71
Golden Exits	DRAMA	71
Gemini	DRAMA	71
Thirst Street	COMEDY	71
Brad's Status	COMEDY	71
Mission Control: The Unsung Heroes of Apollo	HISTORY	71
Ingrid Goes West	COMEDY	71
No Date No Signature	DRAMA	71
The Cage Fighter	DRAMA	71
Sylvio	COMEDY	71
Euthanizer	DRAMA	71
Makala	DOCUMENTARY	71
Maria By Callas	MUSIC	71
Kusama: Infinity	DOCUMENTARY	71
Sometimes Always Never	COMEDY	71
Ralph Breaks the Internet	COMEDY	71
Searching for Ingmar Bergman	DOCUMENTARY	71
1985	DRAMA	71
Becoming Astrid	DRAMA	71
Divide and Conquer: The Story of Roger Ailes	DOCUMENTARY	71
The Land of Steady Habits	COMEDY	71
Tyrel	COMEDY	71
Dogman	DRAMA	71
Arctic	DRAMA	71
Searching	DRAMA	71
RBG	BIOGRAPHY	71
The Third Wife	DRAMA	71
Utøya: July 22	DRAMA	71
Cam	MYSTERY	71
#Female Pleasure	DOCUMENTARY	71
The Great Buster	BIOGRAPHY	71
Shazam!	COMEDY	71
How to Train Your Dragon: The Hidden World	ANIMATION	71
Ms. Purple	DRAMA	71
Blinded by the Light	COMEDY	71
Ema	DRAMA	71
Untouchable	BIOGRAPHY	71
The Disappearance of My Mother	DOCUMENTARY	71
The Brink	DOCUMENTARY	71
Guru	DRAMA	70
Year of the Dog	COMEDY	70
Lars and the Real Girl	COMEDY	70
Caramel	COMEDY	70
The Warlords	DRAMA	70
Shall We Kiss?	COMEDY	70
Love Songs	DRAMA	70
Fados	MUSIC	70
The Silence Before Bach	MUSIC	70
King Corn	DOCUMENTARY	70
The Curious Case of Benjamin Button	DRAMA	70
Vicky Cristina Barcelona	COMEDY	70
Standard Operating Procedure	CRIME	70
I.O.U.S.A.	DOCUMENTARY	70
It Might Get Loud	MUSIC	70
At the Edge of the World	ADVENTURE	70
Queen to Play	DRAMA	70
Public Enemies	DRAMA	70
I Love You Man	COMEDY	70
Waking Sleeping Beauty	DOCUMENTARY	70
Big Fan	COMEDY	70
Earth Days	DOCUMENTARY	70
Universal Soldier: Regeneration	ADVENTURE	70
Eyes Wide Open	DRAMA	70
A Town Called Panic	COMEDY	70
The Agony and the Ecstasy of Phil Spector	DOCUMENTARY	70
The Yellow Sea	DRAMA	70
Blank City	DOCUMENTARY	70
Boy	COMEDY	70
Honey	DRAMA	70
The Last Circus	COMEDY	70
Countdown to Zero	DOCUMENTARY	70
Heartbeats	DRAMA	70
Wuthering Heights	DRAMA	70
The Skin I Live In	DRAMA	70
Sleep Tight	DRAMA	70
Cedar Rapids	COMEDY	70
Contagion	DRAMA	70
Rampart	DRAMA	70
Turn Me On Dammit!	COMEDY	70
The Student	DRAMA	70
The Painting	DRAMA	70
Casting By	BIOGRAPHY	70
10 timer til Paradis	DRAMA	70
Évocateur: The Morton Downey Jr. Movie	DOCUMENTARY	70
Portrait of Wally	HISTORY	70
Sun Don't Shine	DRAMA	70
The Revisionaries	HISTORY	70
Exit Elena	COMEDY	70
Camp 14: Total Control Zone	BIOGRAPHY	70
Informant	DOCUMENTARY	70
I Am Divine	DOCUMENTARY	70
Prisoners	DRAMA	70
A Spell to Ward Off the Darkness	MUSIC	70
Home from Home: Chronicle of a Vision	DRAMA	70
Maidentrip	ADVENTURE	70
Lenny Cooke	DRAMA	70
On the Job	DRAMA	70
Stop the Pounding Heart	DRAMA	70
Song from the Forest	MUSIC	70
Gabrielle	DRAMA	70
'Til Madness Do Us Part	DOCUMENTARY	70
Sunshine Superman	SPORT	70
Captain America: The Winter Soldier	ADVENTURE	70
We Are Many	DOCUMENTARY	70
East Side Sushi	DRAMA	70
Bird People	DRAMA	70
Meet the Patels	COMEDY	70
Life of Riley	COMEDY	70
Happy Christmas	COMEDY	70
Faults	COMEDY	70
A Murder in the Park	CRIME	70
Spring	ROMANCE	70
Fort Tilden	COMEDY	70
Black Coal Thin Ice	CRIME	70
Dior and I	DOCUMENTARY	70
Merchants of Doubt	DOCUMENTARY	70
Jia Zhang-ke by Walter Salles	BIOGRAPHY	70
The Little Prince	DRAMA	70
Louder Than Bombs	DRAMA	70
Long Way North	DRAMA	70
Mia Madre	DRAMA	70
The Widowmaker	NEWS	70
The Walk	DRAMA	70
The Music of Strangers: Yo-Yo Ma and the Silk Road Ensemble	MUSIC	70
Raiders!: The Story of the Greatest Fan Film Ever Made	DOCUMENTARY	70
Sworn Virgin	DRAMA	70
Last Cab to Darwin	COMEDY	70
The Lady in the Van	COMEDY	70
A Brave Heart: The Lizzie Velasquez Story	FAMILY	70
Paulina	DRAMA	70
The Brand New Testament	COMEDY	70
In Pursuit of Silence	DOCUMENTARY	70
A Man Called Ove	COMEDY	70
Killing Them Safely	DRAMA	70
Our Last Tango	MUSIC	70
Citizen Jane: Battle for the City	BIOGRAPHY	70
Hunter Gatherer	DRAMA	70
The Nice Guys	COMEDY	70
Art Bastard	COMEDY	70
Heartstone	DRAMA	70
Colossal	COMEDY	70
Mindhorn	COMEDY	70
All These Sleepless Nights	DRAMA	70
Scarred Hearts	DRAMA	70
Bugs	DOCUMENTARY	70
The 12th Man	DRAMA	70
Berlin Syndrome	DRAMA	70
Chapter & Verse	DRAMA	70
Final Portrait	COMEDY	70
Mohawk	DRAMA	70
Sicilian Ghost Story	DRAMA	70
Never Steady Never Still	DRAMA	70
The Nile Hilton Incident	DRAMA	70
Wait for Your Laugh	COMEDY	70
Birthright: A War Story	DOCUMENTARY	70
1922	DRAMA	70
Double Lover	DRAMA	70
Bombshell: The Hedy Lamarr Story	BIOGRAPHY	70
The King	DOCUMENTARY	70
A Ciambra	DRAMA	70
Far From the Tree	DOCUMENTARY	70
Of Fathers and Sons	WAR	70
Matangi/Maya/M.I.A	MUSIC	70
Ant-Man and the Wasp	COMEDY	70
Studio 54	HISTORY	70
Tel Aviv on Fire	COMEDY	70
Mug	COMEDY	70
The Quake	DRAMA	70
All About Nina	COMEDY	70
Okko's Inn	DRAMA	70
Reversing Roe	DOCUMENTARY	70
The Peanut Butter Falcon	COMEDY	70
Late Night	COMEDY	70
The Day Shall Come	COMEDY	70
Where's My Roy Cohn?	DOCUMENTARY	70
Paddleton	COMEDY	70
Sword of Trust	COMEDY	70
Running with Beto	DOCUMENTARY	70
Memory: The Origins of Alien	SCI_FI	70